{"stat.killEntity.Skeleton":9,"stat.killEntity.Bat":2,"stat.walkOneCm":101634,"stat.useItem.minecraft.torch":12,"achievement.openInventory":6,"stat.killEntity.Chicken":2,"stat.leaveGame":1,"stat.damageTaken":2400,"stat.killEntity.Spider":7,"stat.mobKills":51,"stat.killEntity.Creeper":15,"stat.flyOneCm":203499,"stat.deaths":3,"stat.jump":280,"stat.swimOneCm":8468,"stat.playOneMinute":28565,"stat.killEntity.Witch":1,"stat.fallOneCm":32663,"stat.entityKilledBy.Zombie":2,"stat.mineBlock.minecraft.gravel":5,"stat.killEntity.Sheep":2,"stat.mineBlock.minecraft.redstone_ore":4,"stat.useItem.minecraft.milk_bucket":3,"stat.damageDealt":336685,"stat.crouchOneCm":279,"stat.killEntity.Zombie":5,"stat.timeSinceDeath":1427,"stat.killEntity.Squid":1,"stat.useItem.minecraft.dirt":5,"stat.sprintOneCm":9170,"stat.mineBlock.minecraft.dirt":3,"stat.mineBlock.minecraft.stone":89,"stat.mineBlock.minecraft.gold_ore":8,"stat.killEntity.Pig":7,"stat.mineBlock.minecraft.tallgrass":1,"achievement.exploreAllBiomes":{"value":0,"progress":["Savanna Plateau","Beach","DesertHills","Forest","Ocean","River","Plains","Desert","Savanna","Deep Ocean"]},"stat.diveOneCm":13991}