{"stat.killEntity.Skeleton":13,"stat.walkOneCm":198496,"achievement.openInventory":11,"stat.killEntity.Chicken":1,"stat.leaveGame":1,"stat.damageTaken":2430,"stat.killEntity.Spider":8,"stat.entityKilledBy.Witch":1,"stat.mobKills":54,"stat.killEntity.Creeper":3,"stat.entityKilledBy.Creeper":2,"stat.mineBlock.minecraft.sandstone":3,"stat.flyOneCm":75423,"stat.deaths":3,"stat.drop":11,"stat.jump":247,"stat.swimOneCm":8372,"stat.playOneMinute":23164,"stat.killEntity.Witch":1,"stat.fallOneCm":11016,"stat.damageDealt":517850,"stat.crouchOneCm":243,"stat.killEntity.Zombie":24,"stat.timeSinceDeath":6125,"stat.killEntity.Squid":3,"stat.sprintOneCm":52242,"stat.killEntity.Pig":1,"stat.mineBlock.minecraft.stone":13,"achievement.exploreAllBiomes":{"value":0,"progress":["Beach","DesertHills","River","Ocean","Plains","Desert","Savanna"]},"stat.mineBlock.minecraft.tallgrass":23,"stat.diveOneCm":21823}