{"stat.walkOneCm":64153,"stat.useItem.minecraft.torch":47,"achievement.openInventory":20,"stat.leaveGame":1,"stat.damageTaken":210,"stat.killEntity.Spider":1,"stat.useItem.minecraft.stone_pressure_plate":1,"stat.useItem.minecraft.diamond_pickaxe":2,"stat.mineBlock.minecraft.obsidian":4,"stat.killEntity.Enderman":1,"stat.mobKills":6,"stat.killEntity.CustomMob":3,"stat.flyOneCm":41553,"stat.drop":2,"stat.useItem.minecraft.bedrock":185,"stat.jump":58,"stat.swimOneCm":6256,"stat.playOneMinute":33031,"stat.fallOneCm":1363,"stat.damageDealt":50425,"stat.crouchOneCm":203,"stat.killEntity.Zombie":1,"stat.timeSinceDeath":33031,"stat.useItem.minecraft.obsidian":292,"stat.useItem.minecraft.dirt":31,"stat.useItem.minecraft.stone_button":3,"stat.sprintOneCm":5783,"stat.useItem.minecraft.spawn_egg":9,"achievement.exploreAllBiomes":{"value":0,"progress":["Plains"]},"stat.diveOneCm":1698,"stat.useItem.minecraft.iron_door":2}