{"stat.killEntity.Skeleton":1,"stat.walkOneCm":62917,"achievement.openInventory":12,"stat.leaveGame":1,"stat.damageTaken":890,"stat.killEntity.Spider":1,"stat.mobKills":27,"stat.killEntity.Creeper":1,"stat.killEntity.CustomMob":20,"stat.flyOneCm":40316,"stat.deaths":2,"stat.jump":55,"stat.swimOneCm":1209,"stat.playOneMinute":11397,"stat.fallOneCm":1939,"stat.useItem.minecraft.milk_bucket":1,"stat.damageDealt":331675,"stat.crouchOneCm":40,"stat.killEntity.Zombie":4,"stat.timeSinceDeath":5618,"stat.entityKilledBy.CustomMob":2,"stat.useItem.minecraft.dirt":55,"stat.sprintOneCm":24370,"stat.mineBlock.minecraft.dirt":4,"stat.useItem.minecraft.spawn_egg":14,"stat.mineBlock.minecraft.tallgrass":3,"achievement.exploreAllBiomes":{"value":0,"progress":["Beach","Ocean","River","Plains","Savanna"]},"stat.diveOneCm":11597}