{"stat.walkOneCm":63644,"stat.leaveGame":2,"stat.killEntity.Wolf":2,"stat.killEntity.Blaze":2,"stat.jump":117,"stat.swimOneCm":383,"stat.fallOneCm":2368,"stat.crouchOneCm":31,"stat.sprintOneCm":8894,"achievement.exploreAllBiomes":{"value":0,"progress":["Plains","Savanna"]},"achievement.openInventory":15,"stat.entityKilledBy.Wolf":1,"stat.damageTaken":820,"stat.useItem.minecraft.diamond_pickaxe":1,"stat.mobKills":4,"stat.flyOneCm":12223,"stat.deaths":1,"stat.mineBlock.minecraft.sand":2,"stat.playOneMinute":11709,"stat.craftItem.minecraft.emerald":64,"stat.damageDealt":30250,"stat.timeSinceDeath":1858,"stat.useItem.minecraft.crafting_table":1,"stat.mineBlock.minecraft.dirt":5,"stat.useItem.minecraft.spawn_egg":15,"stat.mineBlock.minecraft.tallgrass":5}