{"stat.flyOneCm":40847,"stat.deaths":1,"stat.walkOneCm":44715,"stat.drop":1,"stat.jump":80,"stat.swimOneCm":1039,"stat.playOneMinute":9250,"stat.fallOneCm":21047,"achievement.openInventory":4,"stat.leaveGame":1,"stat.damageTaken":2230,"stat.useItem.minecraft.diamond_pickaxe":1,"stat.crouchOneCm":40,"stat.timeSinceDeath":2010,"stat.mineBlock.minecraft.dirt":4,"stat.sprintOneCm":14281,"achievement.exploreAllBiomes":{"value":0,"progress":["River","Plains","Savanna"]},"stat.mineBlock.minecraft.tallgrass":1,"stat.diveOneCm":1241}