{"stat.walkOneCm":112276,"stat.useItem.minecraft.redstone_lamp":2,"achievement.openInventory":12,"stat.leaveGame":1,"stat.damageTaken":1325,"stat.killEntity.Spider":3,"stat.useItem.minecraft.stone_pressure_plate":2,"stat.useItem.minecraft.diamond_pickaxe":1,"stat.mobKills":4,"stat.flyOneCm":39822,"stat.deaths":1,"stat.drop":10,"stat.jump":110,"stat.swimOneCm":1750,"stat.useItem.minecraft.sand":1,"stat.playOneMinute":18163,"stat.fallOneCm":24013,"stat.useItem.minecraft.redstone_block":1,"stat.useItem.minecraft.milk_bucket":1,"stat.damageDealt":35405,"stat.crouchOneCm":195,"stat.timeSinceDeath":15279,"stat.sprintOneCm":9420,"achievement.exploreAllBiomes":{"value":0,"progress":["Beach","Forest","Plains","Savanna"]},"stat.mineBlock.minecraft.tallgrass":7,"stat.diveOneCm":2823}