{"stat.walkOneCm":47220,"stat.leaveGame":6,"stat.killEntity.Creeper":1,"stat.killEntity.CustomMob":19,"stat.jump":160,"stat.swimOneCm":568,"stat.fallOneCm":4985,"stat.useItem.minecraft.dirt":1,"stat.sprintOneCm":13858,"achievement.exploreAllBiomes":{"value":0,"progress":["Beach","DesertHills","River","Plains","Savanna"]},"achievement.openInventory":7,"stat.damageTaken":20,"stat.mobKills":22,"stat.flyOneCm":29128,"stat.drop":1,"stat.playOneMinute":9548,"stat.damageDealt":236175,"stat.killEntity.Zombie":1,"stat.timeSinceDeath":9548,"stat.useItem.minecraft.spawn_egg":19,"stat.killEntity.Pig":1,"stat.diveOneCm":12017}