{"stat.flyOneCm":34444,"stat.deaths":3,"stat.useItem.minecraft.ender_pearl":1,"stat.walkOneCm":45330,"stat.jump":28,"stat.swimOneCm":2,"stat.playOneMinute":7429,"achievement.openInventory":11,"stat.fallOneCm":522,"stat.leaveGame":1,"stat.damageTaken":1040,"stat.damageDealt":50370,"stat.crouchOneCm":75,"stat.killEntity.Zombie":1,"stat.timeSinceDeath":5638,"stat.entityKilledBy.CustomMob":3,"stat.sprintOneCm":20731,"stat.mobKills":4,"stat.useItem.minecraft.spawn_egg":11,"achievement.exploreAllBiomes":{"value":0,"progress":["Beach","Plains","Savanna"]},"stat.mineBlock.minecraft.tallgrass":6,"stat.useItem.minecraft.diamond_sword":1,"stat.killEntity.CustomMob":3}