{"stat.walkOneCm":77555,"stat.useItem.minecraft.stone":3,"stat.leaveGame":3,"stat.mineBlock.minecraft.coal_ore":42,"stat.jump":197,"stat.swimOneCm":971,"stat.fallOneCm":23086,"stat.crouchOneCm":88,"stat.useItem.minecraft.dirt":7,"stat.sprintOneCm":16351,"achievement.exploreAllBiomes":{"value":0,"progress":["DesertHills","River","Plains","Savanna"]},"stat.mineBlock.minecraft.lapis_ore":2,"achievement.openInventory":12,"stat.damageTaken":765,"stat.useItem.minecraft.diamond_pickaxe":32,"stat.mobKills":10,"stat.flyOneCm":46190,"stat.drop":56,"stat.playOneMinute":19325,"stat.mineBlock.minecraft.gravel":4,"stat.killEntity.Sheep":4,"stat.mineBlock.minecraft.redstone_ore":32,"stat.damageDealt":80760,"stat.killEntity.Rabbit":1,"stat.mineBlock.minecraft.iron_ore":19,"stat.timeSinceDeath":19325,"stat.mineBlock.minecraft.dirt":12,"stat.mineBlock.minecraft.stone":1352,"stat.mineBlock.minecraft.gold_ore":5,"stat.killEntity.Pig":5,"stat.mineBlock.minecraft.tallgrass":24,"stat.diveOneCm":1707}