{"stat.flyOneCm":7317,"stat.deaths":1,"stat.walkOneCm":33306,"stat.swimOneCm":1533,"stat.jump":54,"stat.playOneMinute":4036,"achievement.openInventory":3,"stat.fallOneCm":211,"stat.leaveGame":1,"stat.damageTaken":61500,"stat.killEntity.Spider":1,"stat.damageDealt":50250,"stat.timeSinceDeath":2754,"stat.mobKills":5,"stat.sprintOneCm":12842,"stat.useItem.minecraft.spawn_egg":3,"achievement.exploreAllBiomes":{"value":0,"progress":["Plains","Savanna"]},"stat.killEntity.Creeper":1,"stat.diveOneCm":462,"stat.killEntity.CustomMob":3}