{"stat.killEntity.Skeleton":2,"stat.walkOneCm":66640,"achievement.openInventory":6,"stat.leaveGame":2,"stat.damageTaken":2695,"stat.mobKills":5,"stat.killEntity.Creeper":1,"stat.entityKilledBy.Creeper":1,"stat.flyOneCm":25694,"stat.deaths":2,"stat.jump":195,"stat.swimOneCm":1693,"stat.playOneMinute":8790,"stat.fallOneCm":15687,"stat.damageDealt":40210,"stat.crouchOneCm":10,"stat.killEntity.Zombie":2,"stat.timeSinceDeath":132,"stat.sprintOneCm":30150,"achievement.exploreAllBiomes":{"value":0,"progress":["Beach","Forest","River","Plains","Savanna"]},"stat.diveOneCm":1505}