{"stat.killEntity.Skeleton":4,"stat.killEntity.Bat":1,"stat.walkOneCm":30895,"achievement.openInventory":20,"stat.leaveGame":3,"stat.damageTaken":205,"stat.killEntity.Spider":2,"stat.killEntity.Slime":27,"stat.useItem.minecraft.furnace":1,"stat.killEntity.Enderman":1,"stat.mobKills":48,"stat.killEntity.Creeper":1,"stat.flyOneCm":69795,"stat.drop":5,"stat.jump":84,"stat.swimOneCm":4567,"stat.playOneMinute":26643,"stat.damageDealt":497530,"stat.crouchOneCm":280,"stat.killEntity.Zombie":11,"stat.timeSinceDeath":26643,"stat.killEntity.Guardian":1,"stat.useItem.minecraft.dirt":177,"stat.sprintOneCm":10638,"stat.useItem.minecraft.spawn_egg":18,"achievement.exploreAllBiomes":{"value":0,"progress":["Beach","Plains"]},"stat.mineBlock.minecraft.tallgrass":1,"stat.diveOneCm":8762}